<?xml version="1.0" encoding="UTF-8" standalone="yes"?>
<addon id="plugin.video.nghiencodew" name="Nghiện Code" provider-name="HoangTan" version="1.0.5">
    <extension point="xbmc.python.pluginsource" library="addon.py">
        <provides>video</provides>
    </extension>
    <extension point="xbmc.addon.metadata">
        <summary lang="en_GB">Nghiện Code.</summary>
        <description lang="en_GB">Nothing to say</description>
        <license>GNU GENERAL PUBLIC LICENSE. Version 2, June 1991</license>
        <platform>all</platform>
        <language>en</language>
        <assets>
            <icon>icon.png</icon>
            <fanart>fanart.jpg</fanart>
        </assets>
        <reuselanguageinvoker>true</reuselanguageinvoker>
        <supportedcontent>
            <content>tvshows</content>
            <content>movies</content>
        </supportedcontent>
    </extension>
</addon>
